"id","fqdn/ip","port","severity","finding","cve","cwe"
"service","tepcv.din.developpement-durable.gouv.fr/194.5.170.153","443","INFO","HTTP","",""
"pre_128cipher","tepcv.din.developpement-durable.gouv.fr/194.5.170.153","443","INFO","No 128 cipher limit bug","",""
"SSLv2","tepcv.din.developpement-durable.gouv.fr/194.5.170.153","443","OK","not offered","",""
"SSLv3","tepcv.din.developpement-durable.gouv.fr/194.5.170.153","443","OK","not offered","",""
"TLS1","tepcv.din.developpement-durable.gouv.fr/194.5.170.153","443","INFO","not offered","",""
"TLS1_1","tepcv.din.developpement-durable.gouv.fr/194.5.170.153","443","INFO","not offered","",""
"TLS1_2","tepcv.din.developpement-durable.gouv.fr/194.5.170.153","443","OK","offered","",""
"TLS1_3","tepcv.din.developpement-durable.gouv.fr/194.5.170.153","443","OK","offered with final","",""
"ALPN","tepcv.din.developpement-durable.gouv.fr/194.5.170.153","443","INFO","http/1.1","",""
"cipherlist_NULL","tepcv.din.developpement-durable.gouv.fr/194.5.170.153","443","OK","not offered","","CWE-327"
"cipherlist_aNULL","tepcv.din.developpement-durable.gouv.fr/194.5.170.153","443","OK","not offered","","CWE-327"
"cipherlist_EXPORT","tepcv.din.developpement-durable.gouv.fr/194.5.170.153","443","OK","not offered","","CWE-327"
"cipherlist_LOW","tepcv.din.developpement-durable.gouv.fr/194.5.170.153","443","OK","not offered","","CWE-327"
"cipherlist_3DES_IDEA","tepcv.din.developpement-durable.gouv.fr/194.5.170.153","443","INFO","not offered","","CWE-310"
"cipherlist_AVERAGE","tepcv.din.developpement-durable.gouv.fr/194.5.170.153","443","LOW","offered","","CWE-310"
"cipherlist_GOOD","tepcv.din.developpement-durable.gouv.fr/194.5.170.153","443","OK","offered","",""
"cipherlist_STRONG","tepcv.din.developpement-durable.gouv.fr/194.5.170.153","443","OK","offered","",""
"cipher_order","tepcv.din.developpement-durable.gouv.fr/194.5.170.153","443","HIGH","NOT a cipher order configured","",""
"protocol_negotiated","tepcv.din.developpement-durable.gouv.fr/194.5.170.153","443","OK","Default protocol TLS1.3","",""
"cipher_negotiated","tepcv.din.developpement-durable.gouv.fr/194.5.170.153","443","OK","TLS_AES_256_GCM_SHA384, 253 bit ECDH (X25519)  (limited sense as client will pick)","",""
"cipher-tls1_2_xc030","tepcv.din.developpement-durable.gouv.fr/194.5.170.153","443","OK","TLSv1.2   xc030   ECDHE-RSA-AES256-GCM-SHA384       ECDH 521   AESGCM      256      TLS_ECDHE_RSA_WITH_AES_256_GCM_SHA384","",""
"cipher-tls1_2_xc028","tepcv.din.developpement-durable.gouv.fr/194.5.170.153","443","LOW","TLSv1.2   xc028   ECDHE-RSA-AES256-SHA384           ECDH 521   AES         256      TLS_ECDHE_RSA_WITH_AES_256_CBC_SHA384","",""
"cipher-tls1_2_x9f","tepcv.din.developpement-durable.gouv.fr/194.5.170.153","443","OK","TLSv1.2   x9f     DHE-RSA-AES256-GCM-SHA384         DH 2048    AESGCM      256      TLS_DHE_RSA_WITH_AES_256_GCM_SHA384","",""
"cipher-tls1_2_x6b","tepcv.din.developpement-durable.gouv.fr/194.5.170.153","443","LOW","TLSv1.2   x6b     DHE-RSA-AES256-SHA256             DH 2048    AES         256      TLS_DHE_RSA_WITH_AES_256_CBC_SHA256","",""
"cipher-tls1_2_xc077","tepcv.din.developpement-durable.gouv.fr/194.5.170.153","443","LOW","TLSv1.2   xc077   ECDHE-RSA-CAMELLIA256-SHA384      ECDH 521   Camellia    256      TLS_ECDHE_RSA_WITH_CAMELLIA_256_CBC_SHA384","",""
"cipher-tls1_2_x9d","tepcv.din.developpement-durable.gouv.fr/194.5.170.153","443","OK","TLSv1.2   x9d     AES256-GCM-SHA384                 RSA        AESGCM      256      TLS_RSA_WITH_AES_256_GCM_SHA384","",""
"cipher-tls1_2_x3d","tepcv.din.developpement-durable.gouv.fr/194.5.170.153","443","LOW","TLSv1.2   x3d     AES256-SHA256                     RSA        AES         256      TLS_RSA_WITH_AES_256_CBC_SHA256","",""
"cipher-tls1_2_xc02f","tepcv.din.developpement-durable.gouv.fr/194.5.170.153","443","OK","TLSv1.2   xc02f   ECDHE-RSA-AES128-GCM-SHA256       ECDH 521   AESGCM      128      TLS_ECDHE_RSA_WITH_AES_128_GCM_SHA256","",""
"cipher-tls1_2_xc027","tepcv.din.developpement-durable.gouv.fr/194.5.170.153","443","LOW","TLSv1.2   xc027   ECDHE-RSA-AES128-SHA256           ECDH 521   AES         128      TLS_ECDHE_RSA_WITH_AES_128_CBC_SHA256","",""
"cipher-tls1_2_x9e","tepcv.din.developpement-durable.gouv.fr/194.5.170.153","443","OK","TLSv1.2   x9e     DHE-RSA-AES128-GCM-SHA256         DH 2048    AESGCM      128      TLS_DHE_RSA_WITH_AES_128_GCM_SHA256","",""
"cipher-tls1_2_x67","tepcv.din.developpement-durable.gouv.fr/194.5.170.153","443","LOW","TLSv1.2   x67     DHE-RSA-AES128-SHA256             DH 2048    AES         128      TLS_DHE_RSA_WITH_AES_128_CBC_SHA256","",""
"cipher-tls1_2_xc076","tepcv.din.developpement-durable.gouv.fr/194.5.170.153","443","LOW","TLSv1.2   xc076   ECDHE-RSA-CAMELLIA128-SHA256      ECDH 521   Camellia    128      TLS_ECDHE_RSA_WITH_CAMELLIA_128_CBC_SHA256","",""
"supportedciphers_TLSv1_2","tepcv.din.developpement-durable.gouv.fr/194.5.170.153","443","INFO","ECDHE-RSA-AES256-GCM-SHA384 ECDHE-RSA-AES256-SHA384 DHE-RSA-AES256-GCM-SHA384 DHE-RSA-AES256-SHA256 ECDHE-RSA-CAMELLIA256-SHA384 AES256-GCM-SHA384 AES256-SHA256 ECDHE-RSA-AES128-GCM-SHA256 ECDHE-RSA-AES128-SHA256 DHE-RSA-AES128-GCM-SHA256 DHE-RSA-AES128-SHA256 ECDHE-RSA-CAMELLIA128-SHA256","",""
"FS","tepcv.din.developpement-durable.gouv.fr/194.5.170.153","443","OK","offered","",""
"FS_ciphers","tepcv.din.developpement-durable.gouv.fr/194.5.170.153","443","INFO","","",""
"TLS_extensions","tepcv.din.developpement-durable.gouv.fr/194.5.170.153","443","INFO","'renegotiation info/#65281' 'EC point formats/#11' 'session ticket/#35' 'supported versions/#43' 'key share/#51' 'supported_groups/#10' 'max fragment length/#1' 'application layer protocol negotiation/#16' 'encrypt-then-mac/#22' 'extended master secret/#23'","",""
"TLS_session_ticket","tepcv.din.developpement-durable.gouv.fr/194.5.170.153","443","INFO","valid for 300 seconds only (<daily)","",""
"SSL_sessionID_support","tepcv.din.developpement-durable.gouv.fr/194.5.170.153","443","INFO","yes","",""
"sessionresumption_ticket","tepcv.din.developpement-durable.gouv.fr/194.5.170.153","443","INFO","not supported","",""
"sessionresumption_ID","tepcv.din.developpement-durable.gouv.fr/194.5.170.153","443","INFO","supported","",""
"TLS_timestamp","tepcv.din.developpement-durable.gouv.fr/194.5.170.153","443","INFO","random","",""
"certificate_compression","tepcv.din.developpement-durable.gouv.fr/194.5.170.153","443","INFO","none","",""
"clientAuth","tepcv.din.developpement-durable.gouv.fr/194.5.170.153","443","INFO","none","",""
"cert_numbers","tepcv.din.developpement-durable.gouv.fr/194.5.170.153","443","INFO","1","",""
"cert_signatureAlgorithm","tepcv.din.developpement-durable.gouv.fr/194.5.170.153","443","OK","SHA256 with RSA","",""
"cert_keySize","tepcv.din.developpement-durable.gouv.fr/194.5.170.153","443","INFO","RSA 2048 bits (exponent is 65537)","",""
"cert_keyUsage","tepcv.din.developpement-durable.gouv.fr/194.5.170.153","443","INFO","Digital Signature, Key Encipherment","",""
"cert_extKeyUsage","tepcv.din.developpement-durable.gouv.fr/194.5.170.153","443","INFO","TLS Web Server Authentication","",""
"cert_serialNumber","tepcv.din.developpement-durable.gouv.fr/194.5.170.153","443","INFO","43BE0B5F6D1C9B1EFB1A693ED0F4167E","",""
"cert_fingerprintSHA1","tepcv.din.developpement-durable.gouv.fr/194.5.170.153","443","INFO","4746529C28EC86B93D18B8299EE0426266195059","",""
"cert_fingerprintSHA256","tepcv.din.developpement-durable.gouv.fr/194.5.170.153","443","INFO","E8F62243CB478775C524E63B4F779ED50380B80FBA54A325A1BD2FFA7FCDBBFD","",""
"cert","tepcv.din.developpement-durable.gouv.fr/194.5.170.153","443","INFO","-----BEGIN CERTIFICATE----- MIIJwzCCB6ugAwIBAgIQQ74LX20cmx77Gmk+0PQWfjANBgkqhkiG9w0BAQsFADB9 MQswCQYDVQQGEwJGUjESMBAGA1UECgwJREhJTVlPVElTMRwwGgYDVQQLDBMwMDAy IDQ4MTQ2MzA4MTAwMDM2MR0wGwYDVQRhDBROVFJGUi00ODE0NjMwODEwMDAzNjEd MBsGA1UEAwwUQ2VydGlnbmEgU2VydmljZXMgQ0EwHhcNMjAwOTI1MTIxOTQ2WhcN MjEwOTI1MTIxOTQ2WjCBvzELMAkGA1UEBhMCRlIxGTAXBgNVBAcMEFBBUklTIExB IERFRkVOU0UxIDAeBgNVBAoMF1NHIE1JTiBUUkFOUyBFQ09MIFNPTElEMRwwGgYD VQQLDBMwMDAyIDEzMDAxOTU0MDAwMDI1MUEwPwYDVQQDDDhwb3J0YWlsLmNlbnRy ZS1zZXJ2ZXVyLmRpbi5kZXZlbG9wcGVtZW50LWR1cmFibGUuZ291di5mcjESMBAG A1UEBRMJUzE3NjI5MDEwMIIBIjANBgkqhkiG9w0BAQEFAAOCAQ8AMIIBCgKCAQEA 5iWjoTBEhwFO8krvkBeHIj2x5zJn8gOAjU3WZqIiGb5Q60sbPh+gY6uSYoyq3zb8 /X0hzP3rkgXKAhc9S6Quqv0GDdMGMitqq3aMXFKMUr9Cray3GBy3CQex+etsiuC6 gk4ShM4G1mniw2oHusE1DsFsX5YPwTv9g+7BzKM4Bvl+2X8NdaOGO22I36Fy9M23 T6KHiAV+ixfhcio6ZDdlzjVJO54NQ2NnXkZTkV4z676dUjGYG4+WfzdOzPuBDSr6 HDv7Q/JEanNnWhUZ7VvmIHmJ+NBL6O7BFuf1IrNVHWlXFPlZSCILloCJstnkwAxM 2VVsvqF5JfZg8x2M9c/uTQIDAQABo4IE+jCCBPYwCQYDVR0TBAIwADAOBgNVHQ8B Af8EBAMCBaAwEwYDVR0lBAwwCgYIKwYBBQUHAwEwZQYDVR0fBF4wXDAroCmgJ4Yl aHR0cDovL2NybC5jZXJ0aWduYS5mci9zZXJ2aWNlc2NhLmNybDAtoCugKYYnaHR0 cDovL2NybC5kaGlteW90aXMuY29tL3NlcnZpY2VzY2EuY3JsMIHkBggrBgEFBQcB AQSB1zCB1DA2BggrBgEFBQcwAoYqaHR0cDovL2F1dG9yaXRlLmNlcnRpZ25hLmZy L3NlcnZpY2VzY2EuZGVyMDgGCCsGAQUFBzAChixodHRwOi8vYXV0b3JpdGUuZGhp bXlvdGlzLmNvbS9zZXJ2aWNlc2NhLmRlcjAuBggrBgEFBQcwAYYiaHR0cDovL3Nl cnZpY2VzY2Eub2NzcC5jZXJ0aWduYS5mcjAwBggrBgEFBQcwAYYkaHR0cDovL3Nl cnZpY2VzY2Eub2NzcC5kaGlteW90aXMuY29tMB0GA1UdDgQWBBRThLHuAPlWBoom RcBF5F+ZkeqLWDAfBgNVHSMEGDAWgBSs7IaPSzccuH8XGxnQruhO4zRcEjCB5AYD VR0RBIHcMIHZgjhwb3J0YWlsLmNlbnRyZS1zZXJ2ZXVyLmRpbi5kZXZlbG9wcGVt ZW50LWR1cmFibGUuZ291di5mcoI0cG9ydGFpbC5jZW50cmUtc2VydmV1ci5kZXZl bG9wcGVtZW50LWR1cmFibGUuZ291di5mcoI0cmVkbWluZS1jcy5hcHBsaWNhdGlv bi5kZXZlbG9wcGVtZW50LWR1cmFibGUuZ291di5mcoIxcmVkbWluZS5hcHBsaWNh dGlvbi5kZXZlbG9wcGVtZW50LWR1cmFibGUuZ291di5mcjBUBgNVHSAETTBLMAgG BmeBDAECAjA/BgsqgXoBgTECBQEBATAwMC4GCCsGAQUFBwIBFiJodHRwczovL3d3 dy5jZXJ0aWduYS5mci9hdXRvcml0ZXMvMIIB9wYKKwYBBAHWeQIEAgSCAecEggHj AeEAdwBElGUusO7Or8RAB9io/ijA2uaCvtjLMbU/0zOWtbaBqAAAAXTFNIO9AAAE AwBIMEYCIQCnCxgF60hLvVR8KF2aam3ZxqEfu4gWLqPZa3C86xRlnAIhAJGNWUfX Hs22PJSeZqHGeJ8NpeZNTKaFyOdAVesI5TvEAHcAb1N2rDHwMRnYmQCkURX/dxUc EdkCwQApBo2yCJo32RMAAAF0xTSEcAAABAMASDBGAiEAka9MH52TYtxLhbNJmAap F7ET4jEaZX6RFZloKPMxf0ACIQD41KD5Z17nUm3YOrBJxRcxFZyEkSOJZrk29HYc mxKIbAB1AFzcQ5L+5qtFRLFemtRW5hA3+9X6R9yhc5SyXub2xw7KAAABdMU0hscA AAQDAEYwRAIgZJHIMjLN3jqsJAcbzpcxjgo9x0o1to/X4lZ+83vbc8YCIECj1s33 D/51F2b3Damy4mc2wSNL82DHoqWREAWsvx7fAHYA9lyUL9F3MCIUVBgIMJRWjuNN Exkzv98MLyALzE7xZOMAAAF0xTSHdQAABAMARzBFAiEA7Cjeuwp8J+mqe9f+kApi rHzTZqB/8m2UIw51CSQ3/mMCIG5QhUdrGRTKDGCq5UQWAoA1/7yY2A0brIG305BF yBAhMA0GCSqGSIb3DQEBCwUAA4ICAQBOan4TNkrVDS+Nqa2ksm6ckSIq1/eUmfj8 ufhCOanFjn8zqlaecfX3V/q9OUR6KhdswrMXYiMyp0BpRZCqXfSWGIO6Jbg8GM1o PJpnaZE1a8ETdPFRPlXP9WID+dZPp6fdyskZiV4Un/OaWdX2UYTxqdQ9mg9QEBjz hni0T+ifnpBGHUTRBMccSS1NSfzN6lai/NGBnz1U1iDd45XdOhXhtfLTIrH+SdSe WfnvXTqflGX0nuTghnwoXKyAd5LWQ//G4K1wXkDYECxGVRaUj1TLgbpwYNsKba3G it2qcvjLw3tOowPnwNWD/4GNX5jRS9QFf1a/C3CiZJSUwcSzWJJJ4bo+BhTlUpIM XJ8FmpCcc8GsTMdikZRPYX0QIKNOxIE4LVW5ATX/BDHhcCH1CQFyXJ8e0X3D1jSV mzWkcSjEUm6ItsJdltICMrl1xkpAA03dGr6+5G6cMgDVzgymvsHGC3byy3zVPPdJ KXJRuFjLWFLOXoc7OriDjt1o3bfLWVRXia9Xzkv3z9LzANFDLwykPkcUjfujtJNv X83F8XqKf3O5FfMTpuZknT+N7gpBh1LZ+ZNKromixMvQ2uUsGKjcxC+8M7pCo7vy EKnnfnsxiCwZ3Xt1YAKeG7IPJKSShv4tL+S7OG+Bd8EB0jUeRtsaFyKs5IrACdk3 ot6Lw8o/3w== -----END CERTIFICATE-----","",""
"cert_commonName","tepcv.din.developpement-durable.gouv.fr/194.5.170.153","443","OK","portail.centre-serveur.din.developpement-durable.gouv.fr","",""
"cert_commonName_wo_SNI","tepcv.din.developpement-durable.gouv.fr/194.5.170.153","443","INFO","portail.centre-serveur.din.developpement-durable.gouv.fr","",""
"cert_subjectAltName","tepcv.din.developpement-durable.gouv.fr/194.5.170.153","443","INFO","portail.centre-serveur.din.developpement-durable.gouv.fr portail.centre-serveur.developpement-durable.gouv.fr redmine-cs.application.developpement-durable.gouv.fr redmine.application.developpement-durable.gouv.fr","",""
"cert_trust","tepcv.din.developpement-durable.gouv.fr/194.5.170.153","443","HIGH","certificate does not match supplied URI (same w/o SNI)","",""
"cert_chain_of_trust","tepcv.din.developpement-durable.gouv.fr/194.5.170.153","443","CRITICAL","failed (chain incomplete).","",""
"cert_certificatePolicies_EV","tepcv.din.developpement-durable.gouv.fr/194.5.170.153","443","INFO","no","",""
"cert_expirationStatus","tepcv.din.developpement-durable.gouv.fr/194.5.170.153","443","HIGH","expires < 30 days (15)","",""
"cert_notBefore","tepcv.din.developpement-durable.gouv.fr/194.5.170.153","443","INFO","2020-09-25 12:19","",""
"cert_notAfter","tepcv.din.developpement-durable.gouv.fr/194.5.170.153","443","HIGH","2021-09-25 12:19","",""
"cert_extlifeSpan","tepcv.din.developpement-durable.gouv.fr/194.5.170.153","443","OK","certificate has no extended life time according to browser forum","",""
"cert_eTLS","tepcv.din.developpement-durable.gouv.fr/194.5.170.153","443","INFO","not present","",""
"cert_crlDistributionPoints","tepcv.din.developpement-durable.gouv.fr/194.5.170.153","443","INFO","http://crl.certigna.fr/servicesca.crl http://crl.dhimyotis.com/servicesca.crl","",""
"cert_ocspURL","tepcv.din.developpement-durable.gouv.fr/194.5.170.153","443","INFO","http://servicesca.ocsp.certigna.fr http://servicesca.ocsp.dhimyotis.com","",""
"OCSP_stapling","tepcv.din.developpement-durable.gouv.fr/194.5.170.153","443","LOW","not offered","",""
"cert_mustStapleExtension","tepcv.din.developpement-durable.gouv.fr/194.5.170.153","443","INFO","--","",""
"DNS_CAArecord","tepcv.din.developpement-durable.gouv.fr/194.5.170.153","443","OK","issue=certigna.com, issue=letsencrypt.org","",""
"certificate_transparency","tepcv.din.developpement-durable.gouv.fr/194.5.170.153","443","OK","yes (certificate extension)","",""
"certs_countServer","tepcv.din.developpement-durable.gouv.fr/194.5.170.153","443","INFO","3","",""
"certs_list_ordering_problem","tepcv.din.developpement-durable.gouv.fr/194.5.170.153","443","LOW","yes","",""
"cert_caIssuers","tepcv.din.developpement-durable.gouv.fr/194.5.170.153","443","INFO","Certigna Services CA (DHIMYOTIS from FR)","",""
"intermediate_cert <#1>","tepcv.din.developpement-durable.gouv.fr/194.5.170.153","443","INFO","-----BEGIN CERTIFICATE----- MIIEgTCCA2mgAwIBAgIBGTANBgkqhkiG9w0BAQsFADA0MQswCQYDVQQGEwJGUjES MBAGA1UECgwJRGhpbXlvdGlzMREwDwYDVQQDDAhDZXJ0aWduYTAeFw0wODExMTkx MzUyMzJaFw0xODExMTcxMzUyMzJaMGMxCzAJBgNVBAYTAkZSMRIwEAYDVQQKDAlE aGlteW90aXMxFzAVBgNVBAsMDjAwMDIgNDgxNDYzMDgxMRowGAYDVQQDDBFDZXJ0 aWduYSBTU0wgUFJJUzELMAkGA1UEBRMCMjUwggEiMA0GCSqGSIb3DQEBAQUAA4IB DwAwggEKAoIBAQDDNhjsv4vHoHb8xg8I4PiGCx2uApFkyD/PmfgpoCdMqPqpM4Pn wPFb20Vu2hDSVmcRn3FexsAQaMj/Uy/CVUJfS74b4WvtH/66gF7mViJGaNwkcZ/N wkWr2lje5SSAk4iSCsaOEE5iSTD41d5qhHEa2qWbkM8WM/+OTCxuUuSb5ugai4Lp MUdnVsijp0A9s54zDcfyTfJIOg3Rn0IxDe2waeRnaezVJ8HbGFbp9H+3cbuRth3w cp3TIo+rAu9gIOEUrYtDwaT2+M1HMdlIKSYg0LEVB90uHyPXiQATViLXqpp3UsOp uMZRmm7Yk3OAKuhYawl9jRb/06ZhDcE5ug5lAgMBAAGjggFtMIIBaTAPBgNVHRMB Af8EBTADAQH/MA4GA1UdDwEB/wQEAwIBBjARBglghkgBhvhCAQEEBAMCAgQwFwYD VR0gBBAwDjAMBgoqgXoBgTEBAAEBMB0GA1UdDgQWBBSTzSbc2qsljwYgp9fx0gOr /65AazBkBgNVHSMEXTBbgBQa7f5BOZC0JFm+AfJS1UX2WjncEaE4pDYwNDELMAkG A1UEBhMCRlIxEjAQBgNVBAoMCURoaW15b3RpczERMA8GA1UEAwwIQ2VydGlnbmGC CQD+3OMBD8lI/zAyBglghkgBhvhCAQQEJRYjaHR0cDovL2NybC5jZXJ0aWduYS5m ci9jZXJ0aWduYS5jcmwwYQYDVR0fBFowWDApoCegJYYjaHR0cDovL2NybC5jZXJ0 aWduYS5mci9jZXJ0aWduYS5jcmwwK6ApoCeGJWh0dHA6Ly9jcmwuZGhpbXlvdGlz LmNvbS9jZXJ0aWduYS5jcmwwDQYJKoZIhvcNAQELBQADggEBAHpFr4hkb9StNC/6 GsoGJZjqe+nPGBmLG/NjMVIf1k3vIDSlUUBEd/U2AcpZxkUsR5iKQ80z9HZpGH0M ZBoPYVG70tCSFT9X4726WlUbhar3a6SnJ+kzPMbly/Kt49rcR3JPvcUtNg/MS75o h2CJsSz17Mm6kF7KfuGKD8eeobi56INg5uoNcJegn6NofZbg86GPHxEvLJLwDHGf tDJu4Cri3FoyEXLR1GO/E4qJI8pkoXQ0ZQl3l0a6z5goQwWYo9H+ED9x4RhkrDdq nfFLQLMrTSncMIJGR8f0khYAksVIFBHhbytTC6Roh0EH130kNVEA4eytYP2dhBte Il5s0yo= -----END CERTIFICATE-----","",""
"intermediate_cert_fingerprintSHA256 <#1>","tepcv.din.developpement-durable.gouv.fr/194.5.170.153","443","INFO","35A90DEB8BF4BD7C23BDE61E065B6EBED236172F342D8F29C65D97F3EC0E10E4","",""
"intermediate_cert_notBefore <#1>","tepcv.din.developpement-durable.gouv.fr/194.5.170.153","443","INFO","2008-11-19 13:52","",""
"intermediate_cert_notAfter <#1>","tepcv.din.developpement-durable.gouv.fr/194.5.170.153","443","CRITICAL","2018-11-17 13:52","",""
"intermediate_cert_expiration <#1>","tepcv.din.developpement-durable.gouv.fr/194.5.170.153","443","CRITICAL","expired!","",""
"intermediate_cert_chain <#1>","tepcv.din.developpement-durable.gouv.fr/194.5.170.153","443","INFO","25 <-- Certigna","",""
"intermediate_cert <#2>","tepcv.din.developpement-durable.gouv.fr/194.5.170.153","443","INFO","-----BEGIN CERTIFICATE----- MIIDqDCCApCgAwIBAgIJAP7c4wEPyUj/MA0GCSqGSIb3DQEBBQUAMDQxCzAJBgNV BAYTAkZSMRIwEAYDVQQKDAlEaGlteW90aXMxETAPBgNVBAMMCENlcnRpZ25hMB4X DTA3MDYyOTE1MTMwNVoXDTI3MDYyOTE1MTMwNVowNDELMAkGA1UEBhMCRlIxEjAQ BgNVBAoMCURoaW15b3RpczERMA8GA1UEAwwIQ2VydGlnbmEwggEiMA0GCSqGSIb3 DQEBAQUAA4IBDwAwggEKAoIBAQDIaPHJ1tazNHUmgh7stL7qXOEm7RFHYeGifBZ4 QCHkYJ5ayGPhxLGWkv8YbWkj4Sti993iNi+RB7lIzw7sebYs5zRLcAglozyHGxny gQcPOJAZ0xH+hrTy0V4eHpbNgGzOOzGTtvKg0KmVEn2lmsxryIRWijOp5yIVUxbw zBfsV1/pogqYCd7jX5xv3EjjhQsVWqa6n6xI4wmy9/Qy3l40vhx4XUJbzg4ij02Q 130yGLMLLGq/jj8UEYkgDncUtT2UCIf3JR7VsmAA7G8qKCVuKj4YYxclPz5EIBb2 JsglrgVKtOdjLPOMFlN+XPsRGgjBRmKfIrjxwo1p3Po6WAbfAgMBAAGjgbwwgbkw DwYDVR0TAQH/BAUwAwEB/zAdBgNVHQ4EFgQUGu3+QTmQtCRZvgHyUtVF9lo53BEw ZAYDVR0jBF0wW4AUGu3+QTmQtCRZvgHyUtVF9lo53BGhOKQ2MDQxCzAJBgNVBAYT AkZSMRIwEAYDVQQKDAlEaGlteW90aXMxETAPBgNVBAMMCENlcnRpZ25hggkA/tzj AQ/JSP8wDgYDVR0PAQH/BAQDAgEGMBEGCWCGSAGG+EIBAQQEAwIABzANBgkqhkiG 9w0BAQUFAAOCAQEAhQMeknH2Qq/ho2Ge6/PAD/Kl1NqV5ta+aDY9fm4fTIrv0Q8h bV6lUmPOEvjvKtpv6zf+EwLHyzs+ImvaYS5/1HI93TDhHkxAGYwP15zRgzB7mFnc fca5DClMoTOi62c6ZYTTluLtdkVwj7Ur3vkj1kluPBS1xp81HlDQwY9qcEQCYsuu HWhBp6pX6FOqB9IG9tUUBguRA3UsbHK1YZWaDYu5Def131TN3ubY1gkIl2PlwS6w t0QmwCbAr1UwnjvVNioZBPRcHv/PLLf/0P2HQBHVESO7SMAhqaQoLf0V+LBOK/Qw WyH8EZE0vkHve52Xdf+XlcCWWC/qu0bXu+TZLg== -----END CERTIFICATE-----","",""
"intermediate_cert_fingerprintSHA256 <#2>","tepcv.din.developpement-durable.gouv.fr/194.5.170.153","443","INFO","E3B6A2DB2ED7CE48842F7AC53241C7B71D54144BFB40C11F3F1D0B42F5EEA12D","",""
"intermediate_cert_notBefore <#2>","tepcv.din.developpement-durable.gouv.fr/194.5.170.153","443","INFO","2007-06-29 15:13","",""
"intermediate_cert_notAfter <#2>","tepcv.din.developpement-durable.gouv.fr/194.5.170.153","443","OK","2027-06-29 15:13","",""
"intermediate_cert_expiration <#2>","tepcv.din.developpement-durable.gouv.fr/194.5.170.153","443","OK","ok > 40 days","",""
"intermediate_cert_chain <#2>","tepcv.din.developpement-durable.gouv.fr/194.5.170.153","443","INFO","Certigna <-- Certigna","",""
"intermediate_cert_badOCSP","tepcv.din.developpement-durable.gouv.fr/194.5.170.153","443","OK","intermediate certificate(s) is/are ok","",""
"HTTP_status_code","tepcv.din.developpement-durable.gouv.fr/194.5.170.153","443","INFO","200 OK ('/')","",""
"HTTP_clock_skew","tepcv.din.developpement-durable.gouv.fr/194.5.170.153","443","INFO","0 seconds from localtime","",""
"HSTS","tepcv.din.developpement-durable.gouv.fr/194.5.170.153","443","LOW","not offered","",""
"HPKP","tepcv.din.developpement-durable.gouv.fr/194.5.170.153","443","INFO","No support for HTTP Public Key Pinning","",""
"banner_server","tepcv.din.developpement-durable.gouv.fr/194.5.170.153","443","INFO","Apache","",""
"banner_application","tepcv.din.developpement-durable.gouv.fr/194.5.170.153","443","INFO","No application banner found","",""
"cookie_count","tepcv.din.developpement-durable.gouv.fr/194.5.170.153","443","INFO","0 at '/'","",""
"security_headers","tepcv.din.developpement-durable.gouv.fr/194.5.170.153","443","MEDIUM","--","",""
"banner_reverseproxy","tepcv.din.developpement-durable.gouv.fr/194.5.170.153","443","INFO","--","","CWE-200"
"heartbleed","tepcv.din.developpement-durable.gouv.fr/194.5.170.153","443","OK","not vulnerable, no heartbeat extension","CVE-2014-0160","CWE-119"
"CCS","tepcv.din.developpement-durable.gouv.fr/194.5.170.153","443","OK","not vulnerable","CVE-2014-0224","CWE-310"
"ticketbleed","tepcv.din.developpement-durable.gouv.fr/194.5.170.153","443","OK","not vulnerable","CVE-2016-9244","CWE-200"
"ROBOT","tepcv.din.developpement-durable.gouv.fr/194.5.170.153","443","OK","not vulnerable","CVE-2017-17382 CVE-2017-17427 CVE-2017-17428 CVE-2017-13098 CVE-2017-1000385 CVE-2017-13099 CVE-2016-6883 CVE-2012-5081 CVE-2017-6168","CWE-203"
"secure_renego","tepcv.din.developpement-durable.gouv.fr/194.5.170.153","443","OK","supported","","CWE-310"
"secure_client_renego","tepcv.din.developpement-durable.gouv.fr/194.5.170.153","443","OK","not vulnerable","CVE-2011-1473","CWE-310"
"CRIME_TLS","tepcv.din.developpement-durable.gouv.fr/194.5.170.153","443","OK","not vulnerable","CVE-2012-4929","CWE-310"
"BREACH","tepcv.din.developpement-durable.gouv.fr/194.5.170.153","443","MEDIUM","potentially VULNERABLE, gzip HTTP compression detected  - only supplied '/' tested","CVE-2013-3587","CWE-310"
"POODLE_SSL","tepcv.din.developpement-durable.gouv.fr/194.5.170.153","443","OK","not vulnerable, no SSLv3","CVE-2014-3566","CWE-310"
"fallback_SCSV","tepcv.din.developpement-durable.gouv.fr/194.5.170.153","443","OK","no protocol below TLS 1.2 offered","",""
"SWEET32","tepcv.din.developpement-durable.gouv.fr/194.5.170.153","443","OK","not vulnerable","CVE-2016-2183 CVE-2016-6329","CWE-327"
"FREAK","tepcv.din.developpement-durable.gouv.fr/194.5.170.153","443","OK","not vulnerable","CVE-2015-0204","CWE-310"
"DROWN","tepcv.din.developpement-durable.gouv.fr/194.5.170.153","443","OK","not vulnerable on this host and port","CVE-2016-0800 CVE-2016-0703","CWE-310"
"DROWN_hint","tepcv.din.developpement-durable.gouv.fr/194.5.170.153","443","INFO","Make sure you don't use this certificate elsewhere with SSLv2 enabled services, see https://censys.io/ipv4?q=E8F62243CB478775C524E63B4F779ED50380B80FBA54A325A1BD2FFA7FCDBBFD","CVE-2016-0800 CVE-2016-0703","CWE-310"
"LOGJAM-common_primes","tepcv.din.developpement-durable.gouv.fr/194.5.170.153","443","INFO","RFC3526/Oakley Group 14","CVE-2015-4000","CWE-310"
"LOGJAM","tepcv.din.developpement-durable.gouv.fr/194.5.170.153","443","OK","not vulnerable, no DH EXPORT ciphers,","CVE-2015-4000","CWE-310"
"BEAST","tepcv.din.developpement-durable.gouv.fr/194.5.170.153","443","OK","not vulnerable, no SSL3 or TLS1","CVE-2011-3389","CWE-20"
"LUCKY13","tepcv.din.developpement-durable.gouv.fr/194.5.170.153","443","LOW","potentially vulnerable, uses TLS CBC ciphers","CVE-2013-0169","CWE-310"
"winshock","tepcv.din.developpement-durable.gouv.fr/194.5.170.153","443","OK","not vulnerable","CVE-2014-6321","CWE-94"
"RC4","tepcv.din.developpement-durable.gouv.fr/194.5.170.153","443","OK","not vulnerable","CVE-2013-2566 CVE-2015-2808","CWE-310"
"clientsimulation-android_442","tepcv.din.developpement-durable.gouv.fr/194.5.170.153","443","INFO","TLSv1.2 ECDHE-RSA-AES256-GCM-SHA384","",""
"clientsimulation-android_500","tepcv.din.developpement-durable.gouv.fr/194.5.170.153","443","INFO","TLSv1.2 ECDHE-RSA-AES128-GCM-SHA256","",""
"clientsimulation-android_60","tepcv.din.developpement-durable.gouv.fr/194.5.170.153","443","INFO","TLSv1.2 ECDHE-RSA-AES128-GCM-SHA256","",""
"clientsimulation-android_70","tepcv.din.developpement-durable.gouv.fr/194.5.170.153","443","INFO","TLSv1.2 ECDHE-RSA-AES128-GCM-SHA256","",""
"clientsimulation-android_81","tepcv.din.developpement-durable.gouv.fr/194.5.170.153","443","INFO","TLSv1.2 ECDHE-RSA-AES128-GCM-SHA256","",""
"clientsimulation-android_90","tepcv.din.developpement-durable.gouv.fr/194.5.170.153","443","INFO","TLSv1.3 TLS_AES_128_GCM_SHA256","",""
"clientsimulation-android_X","tepcv.din.developpement-durable.gouv.fr/194.5.170.153","443","INFO","TLSv1.3 TLS_AES_128_GCM_SHA256","",""
"clientsimulation-chrome_74_win10","tepcv.din.developpement-durable.gouv.fr/194.5.170.153","443","INFO","TLSv1.3 TLS_AES_128_GCM_SHA256","",""
"clientsimulation-chrome_79_win10","tepcv.din.developpement-durable.gouv.fr/194.5.170.153","443","INFO","TLSv1.3 TLS_AES_128_GCM_SHA256","",""
"clientsimulation-firefox_66_win81","tepcv.din.developpement-durable.gouv.fr/194.5.170.153","443","INFO","TLSv1.3 TLS_AES_128_GCM_SHA256","",""
"clientsimulation-firefox_71_win10","tepcv.din.developpement-durable.gouv.fr/194.5.170.153","443","INFO","TLSv1.3 TLS_AES_128_GCM_SHA256","",""
"clientsimulation-ie_6_xp","tepcv.din.developpement-durable.gouv.fr/194.5.170.153","443","INFO","No connection","",""
"clientsimulation-ie_8_win7","tepcv.din.developpement-durable.gouv.fr/194.5.170.153","443","INFO","No connection","",""
"clientsimulation-ie_8_xp","tepcv.din.developpement-durable.gouv.fr/194.5.170.153","443","INFO","No connection","",""
"clientsimulation-ie_11_win7","tepcv.din.developpement-durable.gouv.fr/194.5.170.153","443","INFO","TLSv1.2 ECDHE-RSA-AES256-SHA384","",""
"clientsimulation-ie_11_win81","tepcv.din.developpement-durable.gouv.fr/194.5.170.153","443","INFO","TLSv1.2 ECDHE-RSA-AES256-SHA384","",""
"clientsimulation-ie_11_winphone81","tepcv.din.developpement-durable.gouv.fr/194.5.170.153","443","INFO","TLSv1.2 AES128-SHA256","",""
"clientsimulation-ie_11_win10","tepcv.din.developpement-durable.gouv.fr/194.5.170.153","443","INFO","TLSv1.2 ECDHE-RSA-AES256-GCM-SHA384","",""
"clientsimulation-edge_15_win10","tepcv.din.developpement-durable.gouv.fr/194.5.170.153","443","INFO","TLSv1.2 ECDHE-RSA-AES256-GCM-SHA384","",""
"clientsimulation-edge_17_win10","tepcv.din.developpement-durable.gouv.fr/194.5.170.153","443","INFO","TLSv1.2 ECDHE-RSA-AES256-GCM-SHA384","",""
"clientsimulation-opera_66_win10","tepcv.din.developpement-durable.gouv.fr/194.5.170.153","443","INFO","TLSv1.3 TLS_AES_128_GCM_SHA256","",""
"clientsimulation-safari_9_ios9","tepcv.din.developpement-durable.gouv.fr/194.5.170.153","443","INFO","TLSv1.2 ECDHE-RSA-AES256-GCM-SHA384","",""
"clientsimulation-safari_9_osx1011","tepcv.din.developpement-durable.gouv.fr/194.5.170.153","443","INFO","TLSv1.2 ECDHE-RSA-AES256-GCM-SHA384","",""
"clientsimulation-safari_10_osx1012","tepcv.din.developpement-durable.gouv.fr/194.5.170.153","443","INFO","TLSv1.2 ECDHE-RSA-AES256-GCM-SHA384","",""
"clientsimulation-safari_121_ios_122","tepcv.din.developpement-durable.gouv.fr/194.5.170.153","443","INFO","TLSv1.3 TLS_CHACHA20_POLY1305_SHA256","",""
"clientsimulation-safari_130_osx_10146","tepcv.din.developpement-durable.gouv.fr/194.5.170.153","443","INFO","TLSv1.3 TLS_CHACHA20_POLY1305_SHA256","",""
"clientsimulation-apple_ats_9_ios9","tepcv.din.developpement-durable.gouv.fr/194.5.170.153","443","INFO","TLSv1.2 ECDHE-RSA-AES256-GCM-SHA384","",""
"clientsimulation-java_6u45","tepcv.din.developpement-durable.gouv.fr/194.5.170.153","443","INFO","No connection","",""
"clientsimulation-java_7u25","tepcv.din.developpement-durable.gouv.fr/194.5.170.153","443","INFO","No connection","",""
"clientsimulation-java_8u161","tepcv.din.developpement-durable.gouv.fr/194.5.170.153","443","INFO","TLSv1.2 ECDHE-RSA-AES256-SHA384","",""
"clientsimulation-java1102","tepcv.din.developpement-durable.gouv.fr/194.5.170.153","443","INFO","TLSv1.3 TLS_AES_128_GCM_SHA256","",""
"clientsimulation-java1201","tepcv.din.developpement-durable.gouv.fr/194.5.170.153","443","INFO","TLSv1.3 TLS_AES_128_GCM_SHA256","",""
"clientsimulation-openssl_102e","tepcv.din.developpement-durable.gouv.fr/194.5.170.153","443","INFO","TLSv1.2 ECDHE-RSA-AES256-GCM-SHA384","",""
"clientsimulation-openssl_110l","tepcv.din.developpement-durable.gouv.fr/194.5.170.153","443","INFO","TLSv1.2 ECDHE-RSA-AES256-GCM-SHA384","",""
"clientsimulation-openssl_111d","tepcv.din.developpement-durable.gouv.fr/194.5.170.153","443","INFO","TLSv1.3 TLS_AES_256_GCM_SHA384","",""
"clientsimulation-thunderbird_68_3_1","tepcv.din.developpement-durable.gouv.fr/194.5.170.153","443","INFO","TLSv1.3 TLS_AES_128_GCM_SHA256","",""
"rating_spec","tepcv.din.developpement-durable.gouv.fr/194.5.170.153","443","INFO","SSL Labs's 'SSL Server Rating Guide' (version 2009q from 2020-01-30)","",""
"rating_doc","tepcv.din.developpement-durable.gouv.fr/194.5.170.153","443","INFO","https://github.com/ssllabs/research/wiki/SSL-Server-Rating-Guide","",""
"protocol_support_score","tepcv.din.developpement-durable.gouv.fr/194.5.170.153","443","INFO","0","",""
"protocol_support_score_weighted","tepcv.din.developpement-durable.gouv.fr/194.5.170.153","443","INFO","0","",""
"key_exchange_score","tepcv.din.developpement-durable.gouv.fr/194.5.170.153","443","INFO","0","",""
"key_exchange_score_weighted","tepcv.din.developpement-durable.gouv.fr/194.5.170.153","443","INFO","0","",""
"cipher_strength_score","tepcv.din.developpement-durable.gouv.fr/194.5.170.153","443","INFO","0","",""
"cipher_strength_score_weighted","tepcv.din.developpement-durable.gouv.fr/194.5.170.153","443","INFO","0","",""
"final_score","tepcv.din.developpement-durable.gouv.fr/194.5.170.153","443","INFO","0","",""
"overall_grade","tepcv.din.developpement-durable.gouv.fr/194.5.170.153","443","CRITICAL","T","",""
"grade_cap_reason_1","tepcv.din.developpement-durable.gouv.fr/194.5.170.153","443","INFO","Grade capped to T. Issues with the chain of trust (chain incomplete)","",""
"grade_cap_reason_2","tepcv.din.developpement-durable.gouv.fr/194.5.170.153","443","INFO","Grade capped to M. Domain name mismatch","",""
"grade_cap_reason_3","tepcv.din.developpement-durable.gouv.fr/194.5.170.153","443","INFO","Grade capped to A. HSTS is not offered","",""
